product_category_name_english,revenue,freight,items,orders,products,sellers,average_price,freight_pct,revenue_share_pct,revenue_per_order
health_beauty,1258681.34,182566.73,9670,8836,2444,492,130.16353050672183,14.504602888607215,9.260699940214003,142.4492236306021
watches_gifts,1205005.68,100535.93,5991,5624,1329,101,201.13598397596394,8.343191378151845,8.865783319496522,214.2613229018492
bed_bath_table,1036988.68,204693.04,11115,9417,3029,196,93.29632748538012,19.73917786643534,7.629604651864145,110.1187936710205
sports_leisure,988048.97,168607.51,8641,7720,2867,481,114.34428538363615,17.06469164175132,7.269532602594637,127.98561787564766
computers_accessories,911954.32,147318.08,7827,6689,1639,287,116.51390315574294,16.154107368009395,6.709669118239173,136.33642098968454
furniture_decor,729762.49,172749.3,8334,6449,2657,370,87.56449364050876,23.671989498939578,5.369199679653168,113.15901535121723
cool_stuff,635290.85,84039.1,3796,3632,789,267,167.357968914647,13.22844489260313,4.674128192456958,174.91488160792952
housewares,632248.66,146149.11,6964,5884,2335,468,90.78814761631247,23.11576429438379,4.651745395591853,107.45218558803536
auto,592720.11,92664.21,4235,3897,1900,383,139.9575230224321,15.633721285414124,4.360915596985522,152.0965127020785
garden_tools,485256.46,98962.75,4347,3518,753,237,111.63019553715206,20.393906760149054,3.5702558918609677,137.93532120523025
toys,483946.6,77425.95,4117,3886,1411,252,117.54836045664318,15.998862271167935,3.560618646882275,124.53592382913021
baby,411764.89,68353.11,3065,2885,919,244,134.34417292006526,16.600033577413555,3.0295444692977056,142.72613171577123
perfumery,399124.87,54213.84,3419,3162,868,175,116.73731207955542,13.583177615566777,2.9365460043659035,126.22544908285894
telephony,323667.52999999997,71215.79,4545,4199,1134,149,71.21397799779977,22.002760054429928,2.3813715040219896,77.08205048821146
office_furniture,273960.7,68571.95,1691,1273,309,34,162.0110585452395,25.02984917179727,2.015655398618197,215.20871956009427
stationery,230943.23,46798.48,2517,2311,849,173,91.75336909018674,20.264062297907586,1.6991560042145601,99.93216356555604
computers,222963.13,9836.3,203,181,30,9,1098.3405418719212,4.411626263050756,1.6404427229062812,1231.840497237569
pet_shop,214315.41,39561.24,1947,1710,719,137,110.0746841294299,18.459353902736158,1.5768174529177807,125.33064912280702
musical_instruments,191498.88,18638.49,680,628,289,70,281.616,9.732949874171588,1.4089457038959903,304.9345222929936
small_appliances,190648.58,16020.25,679,630,231,105,280.7784683357879,8.403026133213267,1.4026896540850315,302.6167936507936
unknown,185049.76,28613.14,1627,1473,623,263,113.73679164105717,15.46240319360587,1.3614965495306504,125.62780719619825
electronics,160246.74,46578.32,2767,2550,517,149,57.913530899891576,29.066625629950416,1.1790092761186788,62.84185882352941
consoles_games,157465.22,19828.02,1137,1062,317,82,138.49183817062445,12.591999680945417,1.1585443488339826,148.27233521657251
fashion_bags_accessories,152823.54,31450.0,2031,1864,849,99,75.24546528803546,20.57929033707765,1.1243933653146014,81.98687768240343
construction_tools_construction,144677.59,20650.41,929,748,400,128,155.7347578040904,14.27339921822032,1.0644598489585186,193.41923796791443
luggage_accessories,140429.98,30445.23,1092,1034,349,73,128.5988827838828,21.680007360251704,1.0332082204303223,135.8123597678917
home_appliances_2,113317.74,10600.18,238,234,90,46,476.1249579831933,9.354387053606963,0.8337309489653558,484.2638461538462
home_construction,83088.12,13832.24,604,490,225,68,137.56311258278146,16.647674781906247,0.6113176730787903,169.5675918367347
home_appliances,80171.53,14818.9,771,764,370,48,103.98382619974059,18.48399300849067,0.58985897342203,104.93655759162303
agro_industry_and_commerce,72530.47,5843.6,212,182,74,34,342.12485849056606,8.05675187269571,0.5336401659793364,398.51906593406596
furniture_living_room,68916.56,17968.170000000002,503,422,156,56,137.0110536779324,26.072354743185095,0.507050961025413,163.30938388625592
fixed_telephony,59583.0,4637.81,264,217,116,49,225.6931818181818,7.783780608562846,0.43837964940178653,274.57603686635946
home_confort,58572.04,8501.23,434,397,111,20,134.95861751152074,14.514143608452088,0.4309415497700253,147.53662468513855
air_conditioning,55024.96,6749.23,297,253,124,52,185.26922558922558,12.26576084744087,0.4048440439915299,217.4899604743083
audio,50688.5,5710.44,364,350,58,36,139.25412087912088,11.265750614044604,0.37293870497797116,144.8242857142857
small_appliances_home_oven_and_coffee,47445.71,2747.86,76,75,31,15,624.2856578947368,5.791587901203291,0.34908000126577776,632.6094666666667
books_general_interest,46856.88,9195.52,553,512,216,54,84.73215189873417,19.624695455608656,0.3447477070047091,91.51734375
kitchen_dining_laundry_garden_furniture,46328.37,11999.43,281,248,94,52,164.8696441281139,25.900824915705,0.3408592148424256,186.8079435483871
construction_tools_lights,41080.0,7583.8,304,244,78,37,135.1315789473684,18.461051606621226,0.30224453279333685,168.36065573770492
construction_tools_safety,40544.52,3919.1,194,167,91,35,208.9923711340206,9.666164502625756,0.29830475912195964,242.78155688622752
industry_commerce_and_business,39669.61,7884.68,268,235,68,29,148.0209328358209,19.87586971487746,0.2918676421748755,168.80685106382978
food,29393.41,7271.03,510,450,82,58,57.63413725490196,24.736939334361,0.21626089271307192,65.31868888888889
market_place,28378.47,5456.06,311,280,104,59,91.2490996784566,19.226054117787182,0.20879351038314817,101.35167857142858
costruction_tools_garden,25715.89,5311.4,238,194,88,33,108.04995798319328,20.654155854609737,0.1892036796108774,132.55613402061854
art,24202.64,4045.17,209,202,55,36,115.8021052631579,16.713755193648296,0.17807000046653668,119.8150495049505
fashion_shoes,23562.77,4918.87,262,240,173,15,89.93423664122137,20.875601637668236,0.1733621813526498,98.17820833333333
drinks,22428.7,5741.25,379,297,81,36,59.178627968337736,25.59778319742116,0.16501830459254904,75.51750841750842
signaling_and_security,21509.23,6507.820000000001,199,140,93,46,108.08658291457286,30.25594128660115,0.1582533391454339,153.63735714285713
furniture_bedroom,20028.78,4632.23,109,95,45,23,183.75027522935778,23.127868996514014,0.14736098474976944,210.82926315789473
books_technical,19096.06,4283.06,267,260,123,26,71.52082397003745,22.429024626022333,0.14049853293314335,73.44638461538462
costruction_tools_tools,15903.95,2030.22,103,97,39,24,154.40728155339806,12.76550793985142,0.11701270538750218,163.95824742268042
food_drink,15179.48,4507.99,278,227,104,34,54.602446043165465,29.697921140908644,0.11168244500111492,66.86995594713656
fashion_male_clothing,10797.82,2152.41,132,112,95,13,81.80166666666666,19.933745885743605,0.07944454871194129,96.40910714285714
fashion_underwear_beach,9541.55,1916.19,131,121,53,9,72.83625954198473,20.08258616262557,0.07020159011378439,78.85578512396694
christmas_supplies,8800.82,3229.2999999999997,153,128,65,17,57.52169934640523,36.69317177263027,0.06475169739771798,68.75640625
tablets_printing_image,7528.41,1226.2,83,79,9,6,90.70373493975903,16.28763576904021,0.05538998936530392,95.29632911392405
cine_photo,6933.46,1256.2,72,65,28,14,96.29805555555555,18.117938229974644,0.05101266743771396,106.66861538461538
music,6034.35,690.51,38,38,27,19,158.79868421052632,11.44298888861269,0.04439749991386252,158.79868421052632
dvds_blu_ray,5999.39,1288.74,64,59,48,10,93.74046875,21.481183920365236,0.04414028304759049,101.68457627118644
books_imported,4639.85,769.85,60,53,31,7,77.33083333333335,16.592131211138287,0.03413751936419582,87.54433962264152
party_supplies,4485.18,827.97,43,39,26,12,104.30651162790699,18.460128690487338,0.03299954073987387,115.00461538461539
furniture_mattress_and_upholstery,4368.08,1630.46,38,38,10,5,114.94947368421053,37.326697313236025,0.03213798195725216,114.94947368421053
fashio_female_clothing,2803.64,621.75,48,39,27,11,58.409166666666664,22.17652765690317,0.020627674340815746,71.88820512820513
fashion_sport,2119.51,578.13,30,27,19,10,70.65033333333334,27.276587513151622,0.015594213965452908,78.50037037037038
la_cuisine,2054.99,333.55,14,13,10,2,146.785,16.23122253636271,0.015119510526898229,158.07615384615383
arts_and_craftmanship,1814.01,370.13,24,23,19,13,75.58375,20.40396690205677,0.013346509370312584,78.87
diapers_and_hygiene,1567.59,573.68,39,27,12,8,40.19461538461538,36.596303880478956,0.011533483621263555,58.05888888888889
flowers,1110.04,488.87,33,29,14,3,33.63757575757575,44.04075528809773,0.008167076951847995,38.27724137931035
home_comfort_2,760.27,410.31,30,24,5,4,25.342333333333332,53.968984702802956,0.0055936575206131985,31.677916666666665
cds_dvds_musicals,730.0,224.98999999999998,14,12,1,1,52.142857142857146,30.82054794520548,0.0053709471504171345,60.833333333333336
fashion_childrens_clothes,569.85,95.51,8,8,5,4,71.23125,16.760551022198825,0.004192649635157814,71.23125
security_and_services,283.28999999999996,41.22,2,2,2,2,141.64499999999998,14.550460658688976,0.0020842953674543425,141.64499999999998
