customer_state,orders,average_delivery_days,median_delivery_days,late_orders,extreme_orders,late_delivery_rate_pct,extreme_delivery_rate_pct
al,397,24.543855361974067,22.332916666666666,95,1,23.929471032745592,0.2518891687657431
ma,717,21.572976474120562,19.190601851851852,141,1,19.665271966527197,0.1394700139470014
pi,476,19.45709826291628,16.29226851851852,76,2,15.966386554621847,0.42016806722689076
ce,1279,21.26657863492891,18.20920138888889,196,5,15.32447224394058,0.3909304143862392
se,335,21.519788280818133,18.014305555555556,51,2,15.223880597014924,0.5970149253731344
ba,3256,19.335465824489262,16.91396412037037,457,10,14.035626535626536,0.3071253071253071
rj,12353,15.310052815555375,12.041307870370371,1664,14,13.470412045656927,0.11333279365336356
to,274,17.65806260982698,15.865885416666668,35,0,12.773722627737227,0.0
pa,946,23.77291691136168,21.078391203703703,117,2,12.367864693446089,0.21141649048625794
es,1995,15.789307110368513,13.636956018518518,244,5,12.230576441102757,0.2506265664160401
rr,41,29.387546014001806,25.00730324074074,5,1,12.195121951219512,2.4390243902439024
ms,701,15.618319018465684,13.943796296296297,81,0,11.554921540656206,0.0
pb,517,20.426767609606706,18.15244212962963,57,1,11.02514506769826,0.19342359767891684
pe,1593,18.448322994408407,15.702766203703703,172,1,10.797237915881984,0.06277463904582549
rn,474,19.27815620604782,16.060254629629632,51,1,10.759493670886076,0.21097046413502107
sc,3547,14.959297453377397,13.016400462962963,346,2,9.754722300535663,0.05638567803777841
go,1957,15.606338535456764,13.949606481481482,160,3,8.175779253960142,0.1532958610117527
rs,5344,15.300276192406853,13.177488425925926,382,2,7.1482035928143715,0.037425149700598806
df,2080,12.96756810897436,11.364924768518518,147,0,7.0673076923076925,0.0
mt,886,18.05575601172561,16.109050925925924,60,0,6.772009029345373,0.0
sp,40495,8.76135656379617,7.210289351851852,2387,18,5.8945548833189285,0.044449932090381526
mg,11355,12.010258342914689,10.313645833333334,638,3,5.618670189343901,0.02642007926023778
pr,4923,11.991582227413277,10.42550925925926,246,1,4.996953077391835,0.020312817387771683
ap,67,27.185067716970703,24.347025462962964,3,1,4.477611940298507,1.4925373134328357
am,145,26.42599090038314,25.875138888888888,6,1,4.137931034482759,0.6896551724137931
ac,80,21.035712962962965,18.356527777777778,3,0,3.75,0.0
ro,243,19.37203651310776,17.582361111111112,7,0,2.880658436213992,0.0
