month,revenue,freight,orders,customers,items,aov,revenue_growth_pct,order_growth_pct
2016-09,267.36,87.39,4,4,6.0,66.84,,
2016-10,49507.66,7301.18,324,321,363.0,152.80141975308644,18417.227707959308,8000.0
2016-12,10.9,8.72,1,1,1.0,10.9,-99.97798320502322,-99.69135802469135
2017-01,120312.87,16875.62,800,765,955.0,150.3910875,1103687.7981651376,79900.0
2017-02,247303.02,38977.6,1780,1755,1951.0,138.9342808988764,105.54992994515051,122.50000000000001
2017-03,374344.3,57704.29,2682,2642,3000.0,139.57654735272183,51.37069494743736,50.67415730337079
2017-04,359927.23,52495.01,2404,2372,2684.0,149.7201455906822,-3.8512861021257727,-10.36539895600298
2017-05,506071.14,80119.81,3700,3625,4136.0,136.7759837837838,40.603738150069965,53.91014975041597
2017-06,433038.6,69924.44,3245,3180,3583.0,133.44795069337442,-14.431279365189653,-12.297297297297295
2017-07,498031.48,86940.14,4026,3947,4519.0,123.7037953303527,15.00856505632524,24.067796610169488
2017-08,573971.68,94232.92,4331,4246,4910.0,132.52636342646042,15.248072270451685,7.575757575757569
2017-09,624401.6900000001,95997.22,4285,4212,4831.0,145.71801400233375,8.786149518735842,-1.062110367120761
2017-10,664219.43,105092.94,4631,4561,5322.0,143.4289419131937,6.376943022047232,8.074679113185535
2017-11,1010271.37,168872.4,7544,7430,8665.0,133.9172017497349,52.099039017873935,62.90218095443749
2017-12,743914.17,119633.06,5673,5603,6308.0,131.13241142252778,-26.364916190785447,-24.801166489925762
2018-01,950030.36,157271.53,7269,7166,8208.0,130.69615628009353,27.706985336762703,28.133262823902694
2018-02,844178.71,142730.25,6728,6569,7672.0,125.47245986920332,-11.141922874970023,-7.442564314211031
2018-03,983213.4400000001,171913.38,7211,7115,8217.0,136.349111080294,16.469821893518265,7.178953626634965
2018-04,996647.75,163050.29,6939,6882,7975.0,143.62988182735265,1.3663676118991885,-3.7720149771182876
2018-05,996517.68,153264.14,6873,6814,7925.0,144.99020515058928,-0.013050749374587944,-0.9511456982274069
2018-06,865124.31,157552.8,6167,6128,7078.0,140.28284579211936,-13.185252267676773,-10.272079150298264
2018-07,895507.22,163220.81,6292,6230,7092.0,142.32473299427843,3.5119704357862602,2.0269174639208742
2018-08,854686.33,148622.13999999998,6512,6460,7248.0,131.2479007985258,-4.5584099254945105,3.4965034965035002
2018-09,145.0,21.46,16,14,1.0,9.0625,-99.98303471169359,-99.75429975429975
2018-10,0.0,0.0,4,4,0.0,0.0,-100.0,-75.0
