product_category_name_english,reviews,average_review_score
security_and_services,2,2.5
diapers_and_hygiene,39,3.2564102564102564
office_furniture,1687,3.4931831653823355
home_comfort_2,27,3.6296296296296298
fashion_male_clothing,131,3.6412213740458017
fixed_telephony,262,3.683206106870229
party_supplies,43,3.7674418604651163
fashio_female_clothing,50,3.78
furniture_mattress_and_upholstery,38,3.8157894736842106
audio,361,3.8254847645429364
home_confort,435,3.829885057471264
unknown,1622,3.8329223181257706
construction_tools_safety,193,3.844559585492228
bed_bath_table,11137,3.8956631049654304
furniture_decor,8331,3.9034929780338494
furniture_living_room,502,3.904382470119522
computers_accessories,7849,3.9308192126385526
art,207,3.9371980676328504
home_construction,600,3.94
telephony,4517,3.946867389860527
kitchen_dining_laundry_garden_furniture,280,3.9642857142857144
air_conditioning,292,3.969178082191781
fashion_underwear_beach,130,3.976923076923077
agro_industry_and_commerce,212,4.0
la_cuisine,13,4.0
baby,3048,4.011811023622047
watches_gifts,5950,4.019159663865546
market_place,309,4.019417475728155
christmas_supplies,146,4.02054794520548
consoles_games,1127,4.0230700976042595
electronics,2749,4.037468170243725
garden_tools,4329,4.042735042735043
drinks,377,4.047745358090186
construction_tools_construction,926,4.052915766738661
construction_tools_lights,296,4.054054054054054
costruction_tools_garden,240,4.054166666666666
housewares,6943,4.055019444044361
auto,4213,4.065511511986708
dvds_blu_ray,63,4.079365079365079
signaling_and_security,197,4.086294416243655
industry_commerce_and_business,266,4.101503759398496
sports_leisure,8640,4.107986111111111
furniture_bedroom,110,4.118181818181818
tablets_printing_image,81,4.1234567901234565
arts_and_craftmanship,24,4.125
health_beauty,9645,4.1427682737169516
home_appliances_2,238,4.142857142857143
fashion_bags_accessories,2039,4.144678764100049
cool_stuff,3772,4.146341463414634
small_appliances,677,4.149187592319055
musical_instruments,675,4.152592592592592
toys,4091,4.158640919090687
perfumery,3421,4.161940952937737
home_appliances,806,4.172456575682382
computers,200,4.175
pet_shop,1939,4.185146982980918
stationery,2507,4.193857199840447
cine_photo,73,4.205479452054795
music,38,4.2105263157894735
food,495,4.218181818181818
fashion_shoes,261,4.233716475095785
fashion_sport,31,4.258064516129032
small_appliances_home_oven_and_coffee,76,4.302631578947368
luggage_accessories,1088,4.315257352941177
food_drink,279,4.315412186379929
books_technical,266,4.368421052631579
books_imported,60,4.4
flowers,31,4.419354838709677
costruction_tools_tools,99,4.444444444444445
books_general_interest,549,4.446265938069216
fashion_childrens_clothes,8,4.5
cds_dvds_musicals,14,4.642857142857143
