customer_state,revenue,freight,orders,customers,items,aov,freight_pct,revenue_per_customer
sp,5202955.05,718723.07,41746,40302,47449.0,124.63361878982417,13.813747439543993,129.09917746017567
rj,1824092.67,305589.31,12852,12384,14579.0,141.93064659197012,16.752948741359724,147.29430474806202
mg,1585308.03,270853.46,11635,11259,13129.0,136.25337602062743,17.08522601755824,140.8036264321876
rs,750304.02,135522.74,5466,5277,6235.0,137.26747530186609,18.062376901565848,142.183820352473
pr,683083.76,117851.68,5045,4882,5740.0,135.39816848364717,17.252888576944063,139.91883654240067
sc,520553.34,89660.26,3637,3534,4176.0,143.1271212537806,17.224029337704373,147.2986247877759
ba,511349.99,100156.68,3380,3277,3799.0,151.28697928994083,19.58671789550636,156.0421086359475
df,302603.94,50625.5,2140,2075,2406.0,141.40371028037384,16.729954011834742,145.83322409638555
go,294591.95,53114.98,2020,1952,2333.0,145.837599009901,18.03001745295484,150.91800717213115
es,275037.31,49764.6,2033,1964,2256.0,135.28642892277423,18.09376335159764,140.0393635437882
pe,262788.03,59449.659999999996,1652,1609,1806.0,159.0726573849879,22.622666641246937,163.32382224984465
ce,227254.71,48351.59,1336,1313,1478.0,170.10083083832336,21.276386306800855,173.08051028179742
pa,178947.81,38699.3,975,949,1080.0,183.5362153846154,21.62602604636514,188.5646048472076
mt,156453.53,29715.43,907,876,1055.0,172.4956229327453,18.99313489443159,178.5999200913242
ma,119648.22,31523.77,747,726,824.0,160.1716465863454,26.347044694856304,164.80471074380165
ms,116812.64,19144.03,715,694,819.0,163.37432167832168,16.388663076187644,168.3179250720461
pb,115268.08,25719.73,536,519,602.0,215.05238805970149,22.312968169505382,222.09649325626205
pi,86914.08,21218.2,495,482,542.0,175.584,24.41284542159337,180.31966804979254
rn,83034.98,18860.1,485,474,529.0,171.2061443298969,22.71343956486772,175.17928270042194
al,80314.81,15914.59,413,401,444.0,194.46685230024212,19.81526196725112,200.28630922693267
se,58920.85,14111.47,350,342,385.0,168.34528571428572,23.94987512909267,172.28318713450292
to,49621.74,11732.68,280,273,315.0,177.2205,23.644233354170975,181.76461538461538
ro,46140.64,11417.38,253,240,278.0,182.37407114624506,24.744736960735697,192.25266666666667
am,22356.84,5478.89,148,143,165.0,151.05972972972972,24.506549226098144,156.34153846153848
ac,15982.95,3686.75,81,77,92.0,197.32037037037037,23.066768024676296,207.57077922077923
ap,13474.3,2788.5,68,67,82.0,198.15147058823527,20.69495261349384,201.1089552238806
rr,7829.43,2235.19,46,45,52.0,170.205,28.548566115285528,173.98733333333334
