product_category_name_english,revenue,freight,orders,items,average_price,freight_pct,revenue_share_pct
health_beauty,1258681.34,182566.73,8836,9670,130.16353050672183,14.504602888607215,9.260699940214003
watches_gifts,1205005.68,100535.93,5624,5991,201.13598397596394,8.343191378151845,8.865783319496522
bed_bath_table,1036988.68,204693.04,9417,11115,93.29632748538012,19.73917786643534,7.629604651864145
sports_leisure,988048.97,168607.51,7720,8641,114.34428538363615,17.06469164175132,7.269532602594637
computers_accessories,911954.32,147318.08,6689,7827,116.51390315574294,16.154107368009395,6.709669118239173
furniture_decor,729762.49,172749.3,6449,8334,87.56449364050876,23.671989498939578,5.369199679653168
cool_stuff,635290.85,84039.1,3632,3796,167.357968914647,13.22844489260313,4.674128192456958
housewares,632248.66,146149.11,5884,6964,90.78814761631247,23.11576429438379,4.651745395591853
auto,592720.11,92664.21,3897,4235,139.9575230224321,15.633721285414124,4.360915596985522
garden_tools,485256.46,98962.75,3518,4347,111.63019553715206,20.393906760149054,3.5702558918609677
toys,483946.6,77425.95,3886,4117,117.54836045664318,15.998862271167935,3.560618646882275
baby,411764.89,68353.11,2885,3065,134.34417292006526,16.600033577413555,3.0295444692977056
perfumery,399124.87,54213.84,3162,3419,116.73731207955542,13.583177615566777,2.9365460043659035
telephony,323667.52999999997,71215.79,4199,4545,71.21397799779977,22.002760054429928,2.3813715040219896
office_furniture,273960.7,68571.95,1273,1691,162.0110585452395,25.02984917179727,2.015655398618197
stationery,230943.23,46798.48,2311,2517,91.75336909018674,20.264062297907586,1.6991560042145601
computers,222963.13,9836.3,181,203,1098.3405418719212,4.411626263050756,1.6404427229062812
pet_shop,214315.41,39561.24,1710,1947,110.0746841294299,18.459353902736158,1.5768174529177807
musical_instruments,191498.88,18638.49,628,680,281.616,9.732949874171588,1.4089457038959903
small_appliances,190648.58,16020.25,630,679,280.7784683357879,8.403026133213267,1.4026896540850315
unknown,185049.76,28613.14,1473,1627,113.73679164105717,15.46240319360587,1.3614965495306504
electronics,160246.74,46578.32,2550,2767,57.913530899891576,29.066625629950416,1.1790092761186788
consoles_games,157465.22,19828.02,1062,1137,138.49183817062445,12.591999680945417,1.1585443488339826
fashion_bags_accessories,152823.54,31450.0,1864,2031,75.24546528803546,20.57929033707765,1.1243933653146014
construction_tools_construction,144677.59,20650.41,748,929,155.7347578040904,14.27339921822032,1.0644598489585186
luggage_accessories,140429.98,30445.23,1034,1092,128.5988827838828,21.680007360251704,1.0332082204303223
home_appliances_2,113317.74,10600.18,234,238,476.1249579831933,9.354387053606963,0.8337309489653558
home_construction,83088.12,13832.24,490,604,137.56311258278146,16.647674781906247,0.6113176730787903
home_appliances,80171.53,14818.9,764,771,103.98382619974059,18.48399300849067,0.58985897342203
agro_industry_and_commerce,72530.47,5843.6,182,212,342.12485849056606,8.05675187269571,0.5336401659793364
furniture_living_room,68916.56,17968.170000000002,422,503,137.0110536779324,26.072354743185095,0.507050961025413
fixed_telephony,59583.0,4637.81,217,264,225.6931818181818,7.783780608562846,0.43837964940178653
home_confort,58572.04,8501.23,397,434,134.95861751152074,14.514143608452088,0.4309415497700253
air_conditioning,55024.96,6749.23,253,297,185.26922558922558,12.26576084744087,0.4048440439915299
audio,50688.5,5710.44,350,364,139.25412087912088,11.265750614044604,0.37293870497797116
small_appliances_home_oven_and_coffee,47445.71,2747.86,75,76,624.2856578947368,5.791587901203291,0.34908000126577776
books_general_interest,46856.88,9195.52,512,553,84.73215189873417,19.624695455608656,0.3447477070047091
kitchen_dining_laundry_garden_furniture,46328.37,11999.43,248,281,164.8696441281139,25.900824915705,0.3408592148424256
construction_tools_lights,41080.0,7583.8,244,304,135.1315789473684,18.461051606621226,0.30224453279333685
construction_tools_safety,40544.52,3919.1,167,194,208.9923711340206,9.666164502625756,0.29830475912195964
industry_commerce_and_business,39669.61,7884.68,235,268,148.0209328358209,19.87586971487746,0.2918676421748755
food,29393.41,7271.03,450,510,57.63413725490196,24.736939334361,0.21626089271307192
market_place,28378.47,5456.06,280,311,91.2490996784566,19.226054117787182,0.20879351038314817
costruction_tools_garden,25715.89,5311.4,194,238,108.04995798319328,20.654155854609737,0.1892036796108774
art,24202.64,4045.17,202,209,115.8021052631579,16.713755193648296,0.17807000046653668
fashion_shoes,23562.77,4918.87,240,262,89.93423664122137,20.875601637668236,0.1733621813526498
drinks,22428.7,5741.25,297,379,59.178627968337736,25.59778319742116,0.16501830459254904
signaling_and_security,21509.23,6507.820000000001,140,199,108.08658291457286,30.25594128660115,0.1582533391454339
furniture_bedroom,20028.78,4632.23,95,109,183.75027522935778,23.127868996514014,0.14736098474976944
books_technical,19096.06,4283.06,260,267,71.52082397003745,22.429024626022333,0.14049853293314335
costruction_tools_tools,15903.95,2030.22,97,103,154.40728155339806,12.76550793985142,0.11701270538750218
food_drink,15179.48,4507.99,227,278,54.602446043165465,29.697921140908644,0.11168244500111492
fashion_male_clothing,10797.82,2152.41,112,132,81.80166666666666,19.933745885743605,0.07944454871194129
fashion_underwear_beach,9541.55,1916.19,121,131,72.83625954198473,20.08258616262557,0.07020159011378439
christmas_supplies,8800.82,3229.2999999999997,128,153,57.52169934640523,36.69317177263027,0.06475169739771798
tablets_printing_image,7528.41,1226.2,79,83,90.70373493975903,16.28763576904021,0.05538998936530392
cine_photo,6933.46,1256.2,65,72,96.29805555555555,18.117938229974644,0.05101266743771396
music,6034.35,690.51,38,38,158.79868421052632,11.44298888861269,0.04439749991386252
dvds_blu_ray,5999.39,1288.74,59,64,93.74046875,21.481183920365236,0.04414028304759049
books_imported,4639.85,769.85,53,60,77.33083333333335,16.592131211138287,0.03413751936419582
party_supplies,4485.18,827.97,39,43,104.30651162790699,18.460128690487338,0.03299954073987387
furniture_mattress_and_upholstery,4368.08,1630.46,38,38,114.94947368421053,37.326697313236025,0.03213798195725216
fashio_female_clothing,2803.64,621.75,39,48,58.409166666666664,22.17652765690317,0.020627674340815746
fashion_sport,2119.51,578.13,27,30,70.65033333333334,27.276587513151622,0.015594213965452908
la_cuisine,2054.99,333.55,13,14,146.785,16.23122253636271,0.015119510526898229
arts_and_craftmanship,1814.01,370.13,23,24,75.58375,20.40396690205677,0.013346509370312584
diapers_and_hygiene,1567.59,573.68,27,39,40.19461538461538,36.596303880478956,0.011533483621263555
flowers,1110.04,488.87,29,33,33.63757575757575,44.04075528809773,0.008167076951847995
home_comfort_2,760.27,410.31,24,30,25.342333333333332,53.968984702802956,0.0055936575206131985
cds_dvds_musicals,730.0,224.98999999999998,12,14,52.142857142857146,30.82054794520548,0.0053709471504171345
fashion_childrens_clothes,569.85,95.51,8,8,71.23125,16.760551022198825,0.004192649635157814
security_and_services,283.28999999999996,41.22,2,2,141.64499999999998,14.550460658688976,0.0020842953674543425
