customer_state,orders,average_delivery_days,late_orders,late_delivery_rate_pct
al,397,24.543855361974067,95,23.929471032745592
ma,717,21.572976474120562,141,19.665271966527197
pi,476,19.45709826291628,76,15.966386554621847
ce,1279,21.26657863492891,196,15.32447224394058
se,335,21.519788280818133,51,15.223880597014924
ba,3256,19.335465824489262,457,14.035626535626536
rj,12353,15.310052815555375,1664,13.470412045656927
to,274,17.65806260982698,35,12.773722627737227
pa,946,23.77291691136168,117,12.367864693446089
es,1995,15.789307110368513,244,12.230576441102757
rr,41,29.387546014001806,5,12.195121951219512
ms,701,15.618319018465684,81,11.554921540656206
pb,517,20.426767609606706,57,11.02514506769826
pe,1593,18.448322994408407,172,10.797237915881984
rn,474,19.27815620604782,51,10.759493670886076
sc,3547,14.959297453377397,346,9.754722300535663
go,1957,15.606338535456764,160,8.175779253960142
rs,5344,15.300276192406853,382,7.1482035928143715
df,2080,12.96756810897436,147,7.0673076923076925
mt,886,18.05575601172561,60,6.772009029345373
sp,40495,8.76135656379617,2387,5.8945548833189285
mg,11355,12.010258342914689,638,5.618670189343901
pr,4923,11.991582227413277,246,4.996953077391835
ap,67,27.185067716970703,3,4.477611940298507
am,145,26.42599090038314,6,4.137931034482759
ac,80,21.035712962962965,3,3.75
ro,243,19.37203651310776,7,2.880658436213992
