month,revenue,freight,orders,aov,revenue_growth_pct
2016-09,267.36,87.39,4,66.84,
2016-10,49507.66,7301.18,324,152.80141975308644,18417.227707959308
2016-12,10.9,8.72,1,10.9,-99.97798320502322
2017-01,120312.87,16875.62,800,150.3910875,1103687.7981651376
2017-02,247303.02,38977.6,1780,138.9342808988764,105.54992994515051
2017-03,374344.3,57704.29,2682,139.57654735272183,51.37069494743736
2017-04,359927.23,52495.01,2404,149.7201455906822,-3.8512861021257727
2017-05,506071.14,80119.81,3700,136.7759837837838,40.603738150069965
2017-06,433038.6,69924.44,3245,133.44795069337442,-14.431279365189653
2017-07,498031.48,86940.14,4026,123.7037953303527,15.00856505632524
2017-08,573971.68,94232.92,4331,132.52636342646042,15.248072270451685
2017-09,624401.6900000001,95997.22,4285,145.71801400233375,8.786149518735842
2017-10,664219.43,105092.94,4631,143.4289419131937,6.376943022047232
2017-11,1010271.37,168872.4,7544,133.9172017497349,52.099039017873935
2017-12,743914.17,119633.06,5673,131.13241142252778,-26.364916190785447
2018-01,950030.36,157271.53,7269,130.69615628009353,27.706985336762703
2018-02,844178.71,142730.25,6728,125.47245986920332,-11.141922874970023
2018-03,983213.4400000001,171913.38,7211,136.349111080294,16.469821893518265
2018-04,996647.75,163050.29,6939,143.62988182735265,1.3663676118991885
2018-05,996517.68,153264.14,6873,144.99020515058928,-0.013050749374587944
2018-06,865124.31,157552.8,6167,140.28284579211936,-13.185252267676773
2018-07,895507.22,163220.81,6292,142.32473299427843,3.5119704357862602
2018-08,854686.33,148622.14,6512,131.2479007985258,-4.5584099254945105
2018-09,145.0,21.46,16,9.0625,-99.98303471169359
2018-10,0.0,0.0,4,0.0,-100.0
