customer_state,revenue,orders,aov
sp,5202955.05,41746,124.63361878982417
rj,1824092.67,12852,141.93064659197012
mg,1585308.03,11635,136.25337602062743
rs,750304.02,5466,137.26747530186609
pr,683083.76,5045,135.39816848364717
sc,520553.34,3637,143.1271212537806
ba,511349.99,3380,151.28697928994083
df,302603.94,2140,141.40371028037384
go,294591.95,2020,145.837599009901
es,275037.31,2033,135.28642892277423
pe,262788.03,1652,159.0726573849879
ce,227254.71,1336,170.10083083832336
pa,178947.81,975,183.5362153846154
mt,156453.53,907,172.4956229327453
ma,119648.22,747,160.1716465863454
ms,116812.64,715,163.37432167832168
pb,115268.08,536,215.05238805970149
pi,86914.08,495,175.584
rn,83034.98,485,171.2061443298969
al,80314.81,413,194.46685230024212
se,58920.85,350,168.34528571428572
to,49621.74,280,177.2205
ro,46140.64,253,182.37407114624506
am,22356.84,148,151.05972972972972
ac,15982.95,81,197.32037037037037
ap,13474.3,68,198.15147058823527
rr,7829.43,46,170.205
